{
    "soil_params": {
        "depth": 2.0,
        "bb": 2.286071010618701,
        "satdk": 0.000726,
        "satpsi": 0.04255719079885058,
        "slop": 0.2847909637311721,
        "smcmax": 0.4293212945378268,
        "wltsmc": 0.031611115764367814,
        "D": 2.0,
        "mult": 1000.0
    },
    "forcing_file": "..\\data\\camels\\gauch_etal_2020\\nldas_hourly\\02350900_hourly_nldas.csv",
    "catchment_area_km2": 1365.12,
    "refkdt": 3.791087427126437,
    "max_gw_storage": 0.19873322659458692,
    "Cgw": 9.65499349446643e-05,
    "expon": 1.14815304223023,
    "gw_storage": 0.05,
    "alpha_fc": 0.33,
    "K_nash": 0.07500973009789674,
    "K_lf": 0.10172071348012364,
    "nash_storage": [
        0.0,
        0.0
    ],
    "giuh_ordinates": [
        0.46,
        0.31,
        0.15,
        0.05,
        0.02,
        0.01,
        0.0,
        0.0,
        0.0
    ],
    "stand_alone": 1,
    "unit_test": 0,
    "compare_results_file": "",
    "partition_scheme": "Schaake",
    "soil_scheme": "classic"
}