{
    "soil_params": {
        "depth": 2.0,
        "bb": 6.983631168915888,
        "satdk": 0.0007180945591420005,
        "satpsi": 0.6684009186088888,
        "slop": 1.0,
        "smcmax": 0.21022361269093442,
        "wltsmc": 0.08212173596,
        "D": 2.0,
        "mult": 1000.0
    },
    "forcing_file": "..\\data\\camels\\gauch_etal_2020\\nldas_hourly\\14301000_hourly_nldas.csv",
    "catchment_area_km2": 1743.54,
    "refkdt": 2.8147222722177783,
    "max_gw_storage": 0.17280700600385382,
    "Cgw": 0.0004867318182786825,
    "expon": 1.5427687982330638,
    "gw_storage": 0.05,
    "alpha_fc": 0.33,
    "K_nash": 0.5651224629023147,
    "K_lf": 0.3610412415070824,
    "nash_storage": [
        0.0,
        0.0
    ],
    "giuh_ordinates": [
        0.3,
        0.29,
        0.2,
        0.09,
        0.05,
        0.03,
        0.02,
        0.01,
        0.01,
        0.0,
        0.0,
        0.0,
        0.0,
        0.0,
        0.0,
        0.0,
        0.0,
        0.0,
        0.0,
        0.0,
        0.0
    ],
    "stand_alone": 1,
    "unit_test": 0,
    "compare_results_file": "",
    "partition_scheme": "Schaake",
    "soil_scheme": "classic"
}