{
    "soil_params": {
        "depth": 2.0,
        "bb": 8.96384239798512,
        "satdk": 0.0006224677535130523,
        "satpsi": 0.354999989,
        "slop": 0.9745017352605534,
        "smcmax": 0.26428653620862974,
        "wltsmc": 0.06600000000000002,
        "D": 2.0,
        "mult": 1000.0
    },
    "forcing_file": "..\\data\\camels\\gauch_etal_2020\\nldas_hourly\\11476600_hourly_nldas.csv",
    "catchment_area_km2": 71.85,
    "refkdt": 3.7644857590833336,
    "max_gw_storage": 0.14450275732451964,
    "Cgw": 0.0013296447616194397,
    "expon": 1.0904841539170993,
    "gw_storage": 0.05,
    "alpha_fc": 0.33,
    "K_nash": 0.03234837133919422,
    "K_lf": 0.03574497594661814,
    "nash_storage": [
        0.0,
        0.0
    ],
    "giuh_ordinates": [
        0.21,
        0.19,
        0.18,
        0.15,
        0.1,
        0.07,
        0.05,
        0.03,
        0.01,
        0.01,
        0.0,
        0.0
    ],
    "stand_alone": 1,
    "unit_test": 0,
    "compare_results_file": "",
    "partition_scheme": "Schaake",
    "soil_scheme": "classic"
}