{
    "soil_params": {
        "depth": 2.0,
        "bb": 7.0,
        "satdk": 2.1662750000000005e-05,
        "satpsi": 0.354999989,
        "slop": 0.10459085925,
        "smcmax": 0.4613620483333334,
        "wltsmc": 0.06600000000000002,
        "D": 2.0,
        "mult": 1000.0
    },
    "forcing_file": "..\\data\\camels\\gauch_etal_2020\\nldas_hourly\\11476600_hourly_nldas.csv",
    "catchment_area_km2": 71.85,
    "refkdt": 3.7644857590833336,
    "max_gw_storage": 0.07165179472383333,
    "Cgw": 1.8e-05,
    "expon": 3.0,
    "gw_storage": 0.05,
    "alpha_fc": 0.33,
    "K_nash": 0.03,
    "K_lf": 0.01,
    "nash_storage": [
        0.0,
        0.0
    ],
    "giuh_ordinates": [
        0.21,
        0.19,
        0.18,
        0.15,
        0.1,
        0.07,
        0.05,
        0.03,
        0.01,
        0.01,
        0.0,
        0.0
    ],
    "stand_alone": 1,
    "unit_test": 0,
    "compare_results_file": "",
    "partition_scheme": "Schaake",
    "soil_scheme": "classic"
}