{
    "soil_params": {
        "depth": 2.0,
        "bb": 7.0,
        "satdk": 7.177333333333336e-07,
        "satpsi": 0.7590000030000001,
        "slop": 0.0425888395,
        "smcmax": 0.48510265103333333,
        "wltsmc": 0.083999999,
        "D": 2.0,
        "mult": 1000.0
    },
    "forcing_file": "..\\data\\camels\\gauch_etal_2020\\nldas_hourly\\05507600_hourly_nldas.csv",
    "catchment_area_km2": 275.38,
    "refkdt": 1.3042622868000002,
    "max_gw_storage": 0.011536753653999995,
    "Cgw": 1.8e-05,
    "expon": 7.0,
    "gw_storage": 0.05,
    "alpha_fc": 0.33,
    "K_nash": 0.03,
    "K_lf": 0.01,
    "nash_storage": [
        0.0,
        0.0
    ],
    "giuh_ordinates": [
        0.47,
        0.29,
        0.15,
        0.06,
        0.02,
        0.01,
        0.0
    ],
    "stand_alone": 1,
    "unit_test": 0,
    "compare_results_file": "",
    "partition_scheme": "Schaake",
    "soil_scheme": "classic"
}