{
    "soil_params": {
        "depth": 2.0,
        "bb": 2.421563812994346,
        "satdk": 0.0003126010507044546,
        "satpsi": 0.7590000030000001,
        "slop": 1.0,
        "smcmax": 0.206,
        "wltsmc": 0.083999999,
        "D": 2.0,
        "mult": 1000.0
    },
    "forcing_file": "..\\data\\camels\\gauch_etal_2020\\nldas_hourly\\05507600_hourly_nldas.csv",
    "catchment_area_km2": 275.38,
    "refkdt": 1.3042622868000002,
    "max_gw_storage": 0.19818972623923461,
    "Cgw": 0.0018,
    "expon": 6.973372131761778,
    "gw_storage": 0.05,
    "alpha_fc": 0.33,
    "K_nash": 2.45e-05,
    "K_lf": 0.0015,
    "nash_storage": [
        0.0,
        0.0
    ],
    "giuh_ordinates": [
        0.47,
        0.29,
        0.15,
        0.06,
        0.02,
        0.01,
        0.0
    ],
    "stand_alone": 1,
    "unit_test": 0,
    "compare_results_file": "",
    "partition_scheme": "Schaake",
    "soil_scheme": "classic"
}