{
    "soil_params": {
        "depth": 2.0,
        "bb": 4.8,
        "satdk": 9.058599999999998e-06,
        "satpsi": 0.6684009186088888,
        "slop": 0.052994014204444446,
        "smcmax": 0.41975867763999997,
        "wltsmc": 0.08212173596,
        "D": 2.0,
        "mult": 1000.0
    },
    "forcing_file": "..\\data\\camels\\gauch_etal_2020\\nldas_hourly\\14301000_hourly_nldas.csv",
    "catchment_area_km2": 1743.54,
    "refkdt": 2.8147222722177783,
    "max_gw_storage": 0.0374888292176311,
    "Cgw": 1.8e-05,
    "expon": 1.5155555555555555,
    "gw_storage": 0.05,
    "alpha_fc": 0.33,
    "K_nash": 0.03,
    "K_lf": 0.01,
    "nash_storage": [
        0.0,
        0.0
    ],
    "giuh_ordinates": [
        0.3,
        0.29,
        0.2,
        0.09,
        0.05,
        0.03,
        0.02,
        0.01,
        0.01,
        0.0,
        0.0,
        0.0,
        0.0,
        0.0,
        0.0,
        0.0,
        0.0,
        0.0,
        0.0,
        0.0,
        0.0
    ],
    "stand_alone": 1,
    "unit_test": 0,
    "compare_results_file": "",
    "partition_scheme": "Schaake",
    "soil_scheme": "classic"
}