{
    "soil_params": {
        "depth": 2.0,
        "bb": 21.9,
        "satdk": 0.0002126915903807215,
        "satpsi": 0.3270466444545455,
        "slop": 0.49426741260380036,
        "smcmax": 0.2849713007393491,
        "wltsmc": 0.08321613636363637,
        "D": 2.0,
        "mult": 1000.0
    },
    "forcing_file": "..\\data\\camels\\gauch_etal_2020\\nldas_hourly\\06332515_hourly_nldas.csv",
    "catchment_area_km2": 191.49,
    "refkdt": 2.7812260990454547,
    "max_gw_storage": 0.043583542409557766,
    "Cgw": 0.0004911766547196544,
    "expon": 1.0,
    "gw_storage": 0.05,
    "alpha_fc": 0.33,
    "K_nash": 0.6998629518202362,
    "K_lf": 0.32473659185405646,
    "nash_storage": [
        0.0,
        0.0
    ],
    "giuh_ordinates": [
        0.45,
        0.31,
        0.15,
        0.06,
        0.02,
        0.01,
        0.0,
        0.0
    ],
    "stand_alone": 1,
    "unit_test": 0,
    "compare_results_file": "",
    "partition_scheme": "Schaake",
    "soil_scheme": "classic"
}