{
    "soil_params": {
        "depth": 2.0,
        "bb": 5.0548053197498515,
        "satdk": 0.0006469540760064732,
        "satpsi": 0.1277450264117647,
        "slop": 1.0,
        "smcmax": 0.206,
        "wltsmc": 0.04548440505882353,
        "D": 2.0,
        "mult": 1000.0
    },
    "forcing_file": "..\\data\\camels\\gauch_etal_2020\\nldas_hourly\\01057000_hourly_nldas.csv",
    "catchment_area_km2": 190.92,
    "refkdt": 2.786277495352941,
    "max_gw_storage": 0.13745811507964903,
    "Cgw": 0.001714057750777336,
    "expon": 1.3812236241302698,
    "gw_storage": 0.05,
    "alpha_fc": 0.33,
    "K_nash": 0.2554616797482714,
    "K_lf": 0.09324867193685032,
    "nash_storage": [
        0.0,
        0.0
    ],
    "giuh_ordinates": [
        0.31,
        0.26,
        0.21,
        0.13,
        0.06,
        0.02,
        0.01,
        0.0,
        0.0
    ],
    "stand_alone": 1,
    "unit_test": 0,
    "compare_results_file": "",
    "partition_scheme": "Schaake",
    "soil_scheme": "classic"
}